INSERT INTO `fieldworker` (uuid, extid, firstname, lastname, deleted) VALUES ('FieldWorker1','FWEK1', 'Editha', 'Kaweza', false);

INSERT INTO `individual` (uuid,extId,firstName,middleName,lastName,gender,dob,mother_uuid,father_uuid,insertBy_uuid,insertDate,status,voidDate,voidReason,voidBy_uuid,deleted,collectedBy_uuid) VALUES ('Indiv 1','TAN01010010101','Brian','','Harold','1','1987-09-02','Unknown Individual','Unknown Individual','User 1','2012-02-28','A',NULL,NULL,NULL,false,'UnknownFieldWorker');
INSERT INTO `individual` (uuid,extId,firstName,middleName,lastName,gender,dob,mother_uuid,father_uuid,insertBy_uuid,insertDate,status,voidDate,voidReason,voidBy_uuid,deleted,collectedBy_uuid) VALUES ('Indiv 2','TAN01010010102','Chris','','Harold','1','1989-02-21','Unknown Individual','Unknown Individual','User 1','2012-02-28','A',NULL,NULL,NULL,false,'UnknownFieldWorker');
INSERT INTO `individual` (uuid,extId,firstName,middleName,lastName,gender,dob,mother_uuid,father_uuid,insertBy_uuid,insertDate,status,voidDate,voidReason,voidBy_uuid,deleted,collectedBy_uuid) VALUES ('Indiv 3','TAN01010010103','Abby','','Harold','2','2011-04-15','Unknown Individual','Unknown Individual','User 1','2012-03-22','A',NULL,NULL,NULL,false,'UnknownFieldWorker');
INSERT INTO `individual` (uuid,extId,firstName,middleName,lastName,gender,dob,mother_uuid,father_uuid,insertBy_uuid,insertDate,status,voidDate,voidReason,voidBy_uuid,deleted,collectedBy_uuid) VALUES ('Indiv 4','TAN01010020101','Sarah','','Ross','2','1993-01-02','Unknown Individual','Unknown Individual','User 1','2012-02-28','A',NULL,NULL,NULL,false,'UnknownFieldWorker');
INSERT INTO `individual` (uuid,extId,firstName,middleName,lastName,gender,dob,mother_uuid,father_uuid,insertBy_uuid,insertDate,status,voidDate,voidReason,voidBy_uuid,deleted,collectedBy_uuid) VALUES ('Indiv 5','TAN01010030102','Tony','','Marsh','1','1988-03-19','Unknown Individual','Unknown Individual','User 1','2012-03-19','A',NULL,NULL,NULL,false,'UnknownFieldWorker');
INSERT INTO `individual` (uuid,extId,firstName,middleName,lastName,gender,dob,mother_uuid,father_uuid,insertBy_uuid,insertDate,status,voidDate,voidReason,voidBy_uuid,deleted,collectedBy_uuid) VALUES ('Indiv 6','TAN01010030103','Jessica','','Marsh','2','2011-01-03','Indiv 1','Indiv 3','User 1','2012-03-19','A',NULL,NULL,NULL,false,'UnknownFieldWorker');
INSERT INTO `individual` (uuid,extId,firstName,middleName,lastName,gender,dob,mother_uuid,father_uuid,insertBy_uuid,insertDate,status,voidDate,voidReason,voidBy_uuid,deleted,collectedBy_uuid) VALUES ('Indiv 7','TAN01010030104','Henry','','Marsh','1','1998-03-20','Unknown Individual','Unknown Individual','User 1','2012-03-20','A',NULL,NULL,NULL,false,'UnknownFieldWorker');
INSERT INTO `individual` (uuid,extId,firstName,middleName,lastName,gender,dob,mother_uuid,father_uuid,insertBy_uuid,insertDate,status,voidDate,voidReason,voidBy_uuid,deleted,collectedBy_uuid) VALUES ('Indiv 8','TAN01010040101','Peter','','Bash','1','2009-01-01','Unknown Individual','Unknown Individual','User 1','2012-04-17','A',NULL,NULL,NULL,false,'UnknownFieldWorker');

INSERT INTO `locationhierarchy` VALUES ('hierarchy1','TAN','TANZANIA','hierarchyLevelId3','hierarchy_root');
INSERT INTO `locationhierarchy` VALUES ('hierarchy2','TAN01','IFAKARA','hierarchyLevelId2','hierarchy1');
INSERT INTO `locationhierarchy` VALUES ('hierarchy3','TAN0101','MBINGU','hierarchyLevelId1','hierarchy2');

INSERT INTO `location` (uuid,extId,locationName,locationLevel_uuid,locationType,insertDate,voidDate,voidReason,voidBy_uuid,deleted,collectedBy_uuid,insertBy_uuid,status,locationHead_uuid) VALUES ('Location1','TAN0101001','Harolds House','hierarchy3','RUR','2012-02-28',NULL,NULL,NULL,false,'FieldWorker1','User 1','A','Indiv 1');

INSERT INTO `round` (uuid,roundNumber,startDate,endDate, remarks) VALUES('ROUND 1',1,'2010-06-30','2010-07-31', 'Test Remark');
INSERT INTO `visit` (uuid,extId,visitDate,status,insertDate,collectedBy_uuid,visitLocation_uuid,deleted,roundNumber,insertBy_uuid) VALUES ('Visit1','VTAN010100111','2012-02-28','P','2012-03-28','FieldWorker1','Location1',false,1,'User 1');

INSERT INTO `residency` (uuid,location_uuid,individual_uuid,startDate,startType,endDate,endType,collectedBy_uuid,deleted,status,insertDate,insertBy_uuid) VALUES ('Residency1','Location1','Indiv 2','1989-02-21','BIR',NULL,'NA','FieldWorker1',false,'A','2012-04-17','User 1');
INSERT INTO `residency` (uuid,location_uuid,individual_uuid,startDate,startType,endDate,endType,collectedBy_uuid,deleted,status,insertDate,insertBy_uuid) VALUES ('Residency2','Location1','Indiv 4','2011-03-01','BIR',NULL,'NA','FieldWorker1',false,'A','2012-04-17','User 1');
INSERT INTO `residency` (uuid,location_uuid,individual_uuid,startDate,startType,endDate,endType,collectedBy_uuid,deleted,status,insertDate,insertBy_uuid) VALUES ('Residency3','Location1','Indiv 3','1993-02-01','IMG',NULL,'NA','FieldWorker1',false,'A','2012-04-17','User 1');
INSERT INTO `residency` (uuid,location_uuid,individual_uuid,startDate,startType,endDate,endType,collectedBy_uuid,deleted,status,insertDate,insertBy_uuid) VALUES ('Residency4','Location1','Indiv 7','2012-04-15','BIR',NULL,'NA','FieldWorker1',false,'A','2012-04-17','User 1');
INSERT INTO `residency` (uuid,location_uuid,individual_uuid,startDate,startType,endDate,endType,collectedBy_uuid,deleted,status,insertDate,insertBy_uuid) VALUES ('Residency5','Location1','Indiv 8','2009-01-01','BIR',NULL,'NA','FieldWorker1',false,'A','2012-04-17','User 1');
INSERT INTO `residency` (uuid,location_uuid,individual_uuid,startDate,startType,endDate,endType,collectedBy_uuid,deleted,status,insertDate,insertBy_uuid) VALUES ('Residency6','Location1','Indiv 5','1993-02-01','ENU',NULL,'NA','FieldWorker1',false,'A','2012-04-17','User 1');

INSERT INTO `socialgroup` (uuid, extId, deleted, insertdate, groupName, collectedby_uuid, insertby_uuid, grouphead_uuid,groupType,status) VALUES ('SocialGroup1','TAN010100101',false,'2012-04-17','Harold','FieldWorker1','User 1','Indiv 1','FAM','P');
INSERT INTO `socialgroup` (uuid, extId, deleted, insertdate, groupName, collectedby_uuid, insertby_uuid, grouphead_uuid,groupType,status) VALUES ('SocialGroup2','TAN010100301',false,'2012-04-17','Marsh','FieldWorker1','User 1','Indiv 5','FAM','P');
INSERT INTO `socialgroup` (uuid, extId, deleted, insertdate, groupName, collectedby_uuid, insertby_uuid, grouphead_uuid,groupType,status) VALUES ('SocialGroup3','TAN010100201',false,'2012-04-17','Ross','FieldWorker1','User 1','Indiv 4','FAM','P');
INSERT INTO `socialgroup` (uuid, extId, deleted, insertdate, groupName, collectedby_uuid, insertby_uuid, grouphead_uuid,groupType,status) VALUES ('SocialGroup4','TAN010100401',false,'2012-04-17','Bash','FieldWorker1','User 1','Indiv 8','FAM','P');

INSERT INTO `membership` (uuid, deleted, insertdate, collectedby_uuid, insertby_uuid, status, bistoa, startdate, starttype, individual_uuid, socialgroup_uuid) VALUES ('Membership1',false,'2012-04-17','FieldWorker1','User 1','A', '05', '2012-03-17', 'ENU', 'Indiv 2', 'SocialGroup1');
INSERT INTO `membership` (uuid, deleted, insertdate, collectedby_uuid, insertby_uuid, status, bistoa, startdate, starttype, individual_uuid, socialgroup_uuid) VALUES ('Membership2',false,'2012-04-17','FieldWorker1','User 1','A', '05', '2012-03-17', 'ENU', 'Indiv 4', 'SocialGroup1');
INSERT INTO `membership` (uuid, deleted, insertdate, collectedby_uuid, insertby_uuid, status, bistoa, startdate, starttype, individual_uuid, socialgroup_uuid) VALUES ('Membership3',false,'2012-04-17','FieldWorker1','User 1','A', '05', '2012-03-17', 'ENU', 'Indiv 3', 'SocialGroup1');
INSERT INTO `membership` (uuid, deleted, insertdate, collectedby_uuid, insertby_uuid, status, bistoa, startdate, starttype, individual_uuid, socialgroup_uuid) VALUES ('Membership4',false,'2012-04-17','FieldWorker1','User 1','A', '05', '2012-03-17', 'ENU', 'Indiv 7', 'SocialGroup1');
INSERT INTO `membership` (uuid, deleted, insertdate, collectedby_uuid, insertby_uuid, status, bistoa, startdate, starttype, individual_uuid, socialgroup_uuid) VALUES ('Membership5',false,'2012-04-17','FieldWorker1','User 1','A', '05', '2012-03-17', 'ENU', 'Indiv 8', 'SocialGroup1');
INSERT INTO `membership` (uuid, deleted, insertdate, collectedby_uuid, insertby_uuid, status, bistoa, startdate, starttype, individual_uuid, socialgroup_uuid) VALUES ('Membership6',false,'2012-04-17','FieldWorker1','User 1','A', '05', '2012-03-17', 'ENU', 'Indiv 5', 'SocialGroup1');

INSERT INTO `inmigration` (uuid,deleted,insertDate,recordedDate,voidDate,voidReason,status,origin,reason,migType,insertBy_uuid,voidBy_uuid,collectedBy_uuid,individual_uuid,residency_uuid,visit_uuid) VALUES ('Inmigration1',false,'2012-04-17','2011-01-05',NULL,NULL,'P',1,1,'INTERNAL_INMIGRATION','User 1',NULL,'FieldWorker1','Indiv 5','Residency6','Visit1');
INSERT INTO `outmigration`(uuid,deleted,insertDate,voidDate,voidReason,status,placeMovedTo,reason,recordedDate,insertBy_uuid,voidBy_uuid,collectedBy_uuid,individual_uuid,residency_uuid,visit_uuid) VALUES ('Outmigration1',false,'2012-04-17',NULL,NULL,'P',1,1,'1997-05-05','User 1',NULL,'FieldWorker1','Indiv 5','Residency6','Visit1');
